"Klasified Women's Transparent Clear Sneaker Shoe, White, 5.5 UK",Love em,Love these. Was looking for converses and these were half the price and so uniqueâ€” Iâ€™ve never seen clear shoes like these; they fit great. The plastic takes a little getting used to but the style is so worth it.,5,Love these. Was looking for converse shoes and these were half the price and so uniqueâ€” Iâ€™ve never seen clear shoes like these; they fit great. The plastic takes a little getting used to but the style is so worth it.,Love em
"Klasified Women's Transparent Clear Sneaker Shoe, White, 5.5 UK",The plastic ripped,"The shoes are very cute, but after the 2nd day of wearing them the tongue started ripping. After the 3rd day of wearing them the plastic on the side ripped. They could have ripped bc I was wearing them to work and I do a lot of walking at work. If youâ€™re going to buy these I donâ€™t recommend wearing them on days where you will do a lot of walking or they might rip",2,"The shoes are very cute, but after the 2nd day of wearing them the tongue started ripping. After the 3rd day of wearing them the plastic on the side ripped. They could have ripped because I was wearing them to work and I do a lot of walking at work. If youâ€™re going to buy these I donâ€™t recommend wearing them on days where you will do a lot of walking or they might rip",The plastic ripped
"Klasified Women's Transparent Clear Sneaker Shoe, White, 5.5 UK",Good quality,Good quality,5,Good quality,Good quality
"Klasified Women's Transparent Clear Sneaker Shoe, White, 5.5 UK",Good,Great,5,Great,Good
"GUESS Women's Bradly Gymnastics Shoe, White, 7 UK",PERFETTE!!,"Ho scelto il modello bianco con rifinitura dietro nera e posso dire che da vicino le scarpe sono ancora piÃ¹ belle, il mio numero Ã¨ 38, 38.5 ed ho ordinato il numero 38 e mi va bene..Spedizione veloce, il pacco Ã¨ arrivato anche prima del previsto, prezzo ottimo dato che in giro costano almeno 10, 15 euro in piÃ¹.",5,"I chose the white model with black detailing at the back and I can say that the shoes look even more beautiful up close, my size is 38, 38.5 and I ordered size 38 and it fits me well.. Fast shipping, the package arrived even earlier than expected, excellent price considering that elsewhere they cost at least 10, 15 euros more.",PERFETTE!!
"GUESS Women's Bradly Gymnastics Shoe, White, 7 UK",delusione,"Sono solita comprare scarpe Guess e non ho mai avuto problemi con la taglia, in questo caso, invece, mi sono arrivate delle scarpe che, nonostante fossero il solito numero che prendo, sono molto piccole, sembra quasi due numeri meno, quindi immettibili",1,"I usually buy Guess shoes and I have never had any problems with the size, in this case, however, I received some shoes that, despite being the usual size I take, are very small, almost two sizes smaller, therefore unwearable",delusione
"GUESS Women's Bradly Gymnastics Shoe, White, 7 UK",Molto belle,"Le scarpe sono molto belle, calzano perfettamente",5,"The shoes are very beautiful, they fit perfectly",Very beautiful
"GUESS Women's Bradly Gymnastics Shoe, White, 7 UK",Molto carine e comode,"Semplicemente perfette. Io uso plantari su misura per piede piatto, e dentro queste scarpe ci stanno perfettamente. La scarpa Ã¨ comoda e da una buona stabilitÃ  al piede. Le consiglio",5,"Simply perfect. I use custom insoles for flat feet, and they fit perfectly in these shoes. The shoe is comfortable and provides good stability to the foot. I recommend them",Very cute and comfortable
"GUESS Women's Bradly Gymnastics Shoe, White, 7 UK",Bellissime....peccato per il numero,"Le scarpe sono bellissime, arrivate in perfetto stato con una spedizione impeccabile, purtroppo il 41 mi andava stretto e non fanno il 42 le ho dovute restituire, il venditore disponibile e gentile",5,"The shoes are beautiful, arrived in perfect condition with impeccable shipping, unfortunately, size 41 was tight for me and they don't make size 42, so I had to return them, the seller was helpful and kind",Beautiful....too bad about the size
"GUESS Women's Bradly Gymnastics Shoe, White, 7 UK","Scarpe ben realizzate, venditore ottimo",Le scarpe sono ben fatte e il venditore molto preciso perchÃ¨ ho dovuto fare un reso e mi ha rimborsato perfettamente. Bravo. Resta nei preferiti.,5,The shoes are well made and the seller is very precise because I had to make a return and he refunded me perfectly. Well done. It remains in the favorites.,"Well-made shoes, excellent seller"
"GUESS Women's Bradly Gymnastics Shoe, White, 7 UK",Sehr bequemer Schuh,Der Schuh ğŸ‘ŸgefÃ¤llt mir sehr gut. Der ist super bequem und leicht. Binsehr zu frieden. Danke,5,The shoe ğŸ‘ŸI really like. It is super comfortable and light. I am very satisfied. Thank you,Very comfortable shoe
"GUESS Women's Bradly Gymnastics Shoe, White, 7 UK",Perfetto,"Scarpa perfetta e davvero molto bella la mia ragazza ha apprezzato, venditore molto disponibile !!",5,"Perfect and really beautiful shoe my girlfriend appreciated, very helpful seller!!",Perfect
"GUESS Women's Bradly Gymnastics Shoe, White, 7 UK",Grandi,"Stupende,forse un po' troppo grandi,ma sicuramente ho sbagliato io",5,"Amazing, maybe a bit too big, but surely I made a mistake",Big
"GUESS Women's Bradly Gymnastics Shoe, White, 7 UK",Stupende,"Molto bello proprio come nelle foto , comode e puoi abbinarci qualsiasi cosaSuper sodisfatta grazie",4,"Very nice just like in the pictures, comfortable and you can match it with anything. Super satisfied thank you",Wonderful
"adidas Women's Retrorun Shoes Running, Core Black/Cloud White/Alumina, 8 UK",Perfect right outta the box,"True to size. If between I'd probably go with your lower end i.e 8-8.5 go 8. I wore these right out of the box for a little over 2 hours, most of which was walking around and they were incredibly comfortable no rubbing and I did not find any issue with the tongue being too stiff as I have seen mentioned in other reviews.",5,"True to size. If in between sizes, I would probably go with the lower end, i.e., if you are between 8-8.5, choose 8. I wore these shoes right out of the box for a little over 2 hours, most of which was walking around, and they were incredibly comfortable. There was no rubbing, and I did not find any issue with the tongue being too stiff, as mentioned in other reviews.",Perfect right out of the box
"adidas Women's Retrorun Shoes Running, Core Black/Cloud White/Alumina, 8 UK",Disappointed,This is the second pair I bought. Loved the first pair however not pleased with the 2nd pair. There is no padding in the tongue part of the shoe and it is causing irritation to my skin where it rubs. I am very disappointed and will not buy them again.,2,This is the second pair I bought. Loved the first pair however not pleased with the 2nd pair. There is no padding in the tongue part of the shoe and it is causing irritation to my skin where it rubs. I am very disappointed and will not buy them again.,Disappointed
"adidas Women's Retrorun Shoes Running, Core Black/Cloud White/Alumina, 8 UK",Wow!,"I love these shoes so much, it's my second pair, pure comfort!  Thank you Amazon!",5,"I love these shoes so much, it's my second pair, pure comfort! Thank you Amazon!",Wow!
"Aravon Women's Betty-AR Oxfords, Stone, 5.5 UK",Comfortable and attractive,"I have hard to fit feet and often a wide fitting shoe looks too big and bulky.  These shoes were comfortable right away with no pressure points.  I use them for run around shoes, going to the store, etc.  They look casual but are more attractive than a running shoe.  They have a nice rounded toe box and go with any kind of outfit.  I am very happy with them.",5,"I have hard to fit feet and often a wide fitting shoe looks too big and bulky. These shoes were comfortable right away with no pressure points. I use them for run around shoes, going to the store, etc. They look casual but are more attractive than a running shoe. They have a nice rounded toe box and go with any kind of outfit. I am very happy with them.",Comfortable and attractive
"adidas Women's Retrorun Shoes Running, Core Black/Cloud White/Alumina, 8 UK",ã‹ã‚ã„ã„ã‘ã©ã€è‰²ã€…æ®‹å¿µ,è¶³ãŒ22cmã®ãŸã‚ã€ã“ã®ã‚µã‚¤ã‚ºã‚’å±•é–‹ã—ã¦ã„ã‚‹ãƒ–ãƒ©ãƒ³ãƒ‰ãŒå°‘ãªãè³¼å…¥ã€‚ãƒ‡ã‚¶ã‚¤ãƒ³ã¯å¯æ„›ãã¦æº€è¶³ã ãŒã€å±¥ãå¿ƒåœ°ã¯æ®‹å¿µã€‚å°ã•ã„ã‚µã‚¤ã‚ºã‚ã‚‹ã‚ã‚‹ã§ã€ãƒ‘ãƒ¼ãƒ„ã¯å¤§ãã„ã‚µã‚¤ã‚ºã®ã‚‚ã®ã‚’æµç”¨ã—ã¦ã„ã‚‹ã‚ˆã†ã«æ€ãˆã‚‹ã€‚ãƒ»ãƒ™ãƒ­ãŒé•·ã™ãã¦ã€è¶³é¦–ã‚’æ›²ã’ã‚‹ãŸã³ã«ã“ã™ã‚Œã¦ã€ã™ã‚Šå‚·ãŒã§ãã‚‹ï¼ˆã‚¹ãƒ‹ãƒ¼ã‚«ãƒ¼ã‚½ãƒƒã‚¯ã‚¹ã§ã¯NGï¼‰ãƒ»ã‚¤ãƒ³ã‚½ãƒ¼ãƒ«ã®è¸µã‹ã‚‰åœŸè¸ã¾ãšã®ã‚¢ãƒ¼ãƒã¾ã§ã®è·é›¢ãŒé•·ã™ãã¦ã€ã¤ã¾å…ˆå¯„ã‚Šã«ã‚¢ãƒ¼ãƒãŒæ¥ã‚‹ãŸã‚ã€å¾Œã‚é‡å¿ƒã«æ„Ÿã˜ã‚‹ä»Šå›ã¯é´ä¸‹ã‚„ä¸­æ•·ãã‚’å·¥å¤«ã—ã¦å±¥ã“ã†ã¨æ€ã†ãŒã€å¯æ„›ãã¦ã‚‚ãƒªãƒ”ãƒ¼ãƒˆã¯ã—ãªã„ã€‚,3,"Due to my 22cm feet, there are few brands that offer this size. The design is cute and satisfying, but the comfort is disappointing. It seems like they use parts from larger sizes for small sizes. The tongue is too long, causing rubs and scratches on the ankles, especially when bent (not suitable for sneaker socks). The distance from the heel to the arch of the insole is too long, making the arch hit the toes, causing a feeling of weight on the heels. I plan to try wearing them with different socks or insoles, but even if they are cute, I won't","Cute, but various disappointments"
"Aravon Women's Betty-AR Oxfords, Stone, 5.5 UK",My right foot fits size 11 fine but not the same for the left foot,"I really need 11 1/2 but these shoes do not come in half sizes.  My right foot fits size 11 fine but not the same for the left foot.  The only issue is the blue insole - my feet perspire and the blue colour runs into my socks.  Also, the round laces look nice but they do not remain tied; they need a knot in the bow to maintain the tie.  They are very attractive shoes and do not look huge in size 12. Thank you. CHL.",5,"I really need 11 1/2 but these shoes do not come in half sizes.  My right foot fits size 11 fine but not the same for the left foot.  The only issue is the blue insole - my feet perspire and the blue colour runs into my socks.  Also, the round laces look nice but they do not remain tied; they need a knot in the bow to maintain the tie.  They are very attractive shoes and do not look huge in size 12. Thank you. CHL.",My right foot fits size 11 fine but not the same for the left foot
"adidas Women's Retrorun Shoes Running, Core Black/Cloud White/Alumina, 8 UK",è»½ãã¦å±¥ãå¿ƒåœ°ãŒã™ã”ãã„ã„ã§ã™ï¼,æœ€åˆå°‘ã—ç¡¬ã‹ã£ãŸã‘ã©ã€ã™ãã«å±¥ãã‚„ã™ããªã‚Šã€è»½ãã¦æ­©ãã‚„ã™ã„ã§ã™ï¼,4,"It was a little stiff at first, but soon became easy to wear and comfortable to walk in!",Lightweight and very comfortable to wear!
"Aravon Women's Betty-AR Oxfords, Stone, 5.5 UK",Great quality and comfort shoes,Great quality and comfort shoesI was so thrilled when I got my new shoes last week! I had bought a pair of a RAVON shoes over two years ago at an expensive shoe store and I did not regret spending the money because they were perfect walking shoes and they gave me plenty of support and I have a bunion on my left big toe and I had plenty of room for that foot. Tmy new ones just like my old pair as far as being comfortable and they keepI got me balanced. By the way my original pair that are 2 1/2 years old are still good but I am using them to mow grass in because I feel safe walking in them. I wanted new ones because I needed some pretty ones that werenâ€™t grungy looking. I am 67And being balanced is ver  important to me. I highly recommend these shoes because of the wonderful quality and comfort and I got them on sale! What a deal so I feel like I won the lottery! Also I neglected to mention they are very classy looking. Very well-made and beautiful and striking.,5,"Great quality and comfort shoes. I was so thrilled when I got my new shoes last week! I had bought a pair of RAVON shoes over two years ago at an expensive shoe store and I did not regret spending the money because they were perfect walking shoes and they gave me plenty of support. I have a bunion on my left big toe and I had plenty of room for that foot. The new ones are just as comfortable as my old pair and they keep me balanced. By the way, my original pair that is 2 1/2 years old is still good, but I am using them to",Great quality and comfort shoes
"adidas Women's Retrorun Shoes Running, Core Black/Cloud White/Alumina, 8 UK",NO SUPPORT! NOT FOR RUNNING!,I would NOT recommend these for running. They have zero support and I could feel the rocks in the ground through the shoe. They are also shaped really weird. The sole protrudes out in the back all around the heel and makes your foot appear much larger than it should.,1,I would NOT recommend these for running. They have zero support and I could feel the rocks in the ground through the shoe. They are also shaped really weird. The sole protrudes out in the back all around the heel and makes your foot appear much larger than it should.,NO SUPPORT! NOT FOR RUNNING!
"Aravon Women's Betty-AR Oxfords, Stone, 5.5 UK",Not as supportive as I had hoped for.,"These shoes are cute online but in person...not so much.The shoe is super light weight and flimsy feeling.  Because of this, it feels as if there is no support/stability.My partial orthotic fit well into the heel of the shoe.The shoe not only has aqua-colored accents (shoe string eyelets) but also has an aqua liner throughout the shoe. As I was slipping my socked foot into the shoe for the first time, that inner liner sort of bunched up and made the shoe top look distorted. As if the liner pushed forward and down causing the upper portion and toe of the shoe to twist upward.  Not a nice look.  At that point I decided that I didn't want to struggle with getting the shoe on each time.  I'm returning them.",1,"These shoes are cute online but in person...not so much. The shoe is super lightweight and flimsy feeling. Because of this, it feels as if there is no support/stability. My partial orthotic fit well into the heel of the shoe. The shoe not only has aqua-colored accents (shoe string eyelets) but also has an aqua liner throughout the shoe. As I was slipping my socked foot into the shoe for the first time, that inner liner sort of bunched up and made the shoe top look distorted. As if the liner pushed forward and down causing the upper portion and",Not as supportive as I had hoped for.
"adidas Women's Retrorun Shoes Running, Core Black/Cloud White/Alumina, 8 UK",Great pair of shoes!,"Very comfortable! Absolutely love the look and feel of these shoes. They run slightly too big. But, that doesn't take away from the comfort. I'm not sliding around inside them. I'm able to work in them well and workout in them great. Excellent pair of shoes.",4,"Very comfortable! Absolutely love the look and feel of these shoes. They run slightly too big. But, that doesn't take away from the comfort. I'm not sliding around inside them. I'm able to work in them well and workout in them great. Excellent pair of shoes.",Great pair of shoes!
"Aravon Women's Betty-AR Oxfords, Stone, 5.5 UK",Canâ€™t wear due to Poorly designed insoles,"I like the style and weight of this shoe, just right for wearing all day.  Good quality components.  However, as other reviewers have said, the insole makes wearing these shoes impossible.  The surface of the insoles is some attractive suede fabric which looks like it will be very comfortable.  In fact, the fabric prevents your foot from sliding into the shoe.  I forced my feet in and my toes were uncomfortably turned in on them selves, I could not possibly wear these shoes like that.  I tried stockings and different types of socks with the same difficulty, I just could not push my foot smoothly into the shoe.  Then I tried taking the insole out of another pair of sneakers and putting them in the Aragonâ€™s.  My foot slid right in but when I walked there was no arch support.  Dilemma, should I send them back or go buy 6 or 7 sets of insoles at the drug store to see if any of them will work.  So disappointing.",3,"I like the style and weight of this shoe, just right for wearing all day. Good quality components. However, as other reviewers have said, the insole makes wearing these shoes impossible. The surface of the insoles is some attractive suede fabric which looks like it will be very comfortable. In fact, the fabric prevents your foot from sliding into the shoe. I forced my feet in and my toes were uncomfortably turned in on themselves, I could not possibly wear these shoes like that. I tried stockings and different types of socks with the same difficulty, I just could not push my foot smoothly into the shoe. Then",Canâ€™t wear due to Poorly designed insoles
"adidas Women's Retrorun Shoes Running, Core Black/Cloud White/Alumina, 8 UK",Tongue rubs ankles raw,"The tongue is long, stiff, and rough. It rubs my ankles raw.",2,"The tongue is long, stiff, and rough. It rubs my ankles raw.",Tongue rubs ankles raw
"Aravon Women's Betty-AR Oxfords, Stone, 5.5 UK",What I was looking for,"I have been trying to find a casual, but not too casual, shoe for work. I wanted an athletic shoe fit in a shoe that doesn't look like an athletic shoe. This is pretty close. It works well with chinos or colored denim. They would not look right with ""dress"" pants, but for business casual, it's good. I'm always between 8 and 8.5. I went with an 8 and they fit perfectly.  I also need good support and these are reasonable. I have another pair of Aravon shoes (mary jane) and they also work well. I think this is good brand.",4,"I have been trying to find a casual, but not too casual, shoe for work. I wanted an athletic shoe fit in a shoe that doesn't look like an athletic shoe. This is pretty close. It works well with chinos or colored denim. They would not look right with ""dress"" pants, but for business casual, it's good. I'm always between 8 and 8.5. I went with an 8 and they fit perfectly.  I also need good support and these are reasonable. I have another pair of Aravon shoes (mary jane) and they also work well.",What I was looking for
"adidas Women's Retrorun Shoes Running, Core Black/Cloud White/Alumina, 8 UK",Not for slippery surfaces/no tread,I thought they were really cute and fit good but after I decided to wear them around for a day I mopped the floor like I Do every day and I almost slipped so the shoes will not be good for me and my lifestyle very slippery pretty much no tread it would be good for walking as long as youâ€™re never honest with Service but I wouldnâ€™t want to take my chances so back to Searching for a new pair of shoes,3,"I thought they were really cute and fit well, but after deciding to wear them around for a day, I mopped the floor like I do every day and almost slipped. So the shoes will not be good for me and my lifestyle, very slippery, pretty much no traction. They would be good for walking as long as you're never in a hurry. But I wouldn't want to take my chances, so back to searching for a new pair of shoes.",Not for slippery surfaces/no tread
"Aravon Women's Betty-AR Oxfords, Stone, 5.5 UK",but it's frequent enough with certain socks that it becomes annoying to have to stop and pull my socks up ...,"I'd give them 5 stars if it weren't for the fact that the material on the inside of the shoe keeps pulling on my socks, it's not all the time, but it's frequent enough with certain socks that it becomes annoying to have to stop and pull my socks up which find their way down into my shoes after walking for 10-15 min, also the laces don't seem to stay tied, my recommendation is to buy socks that are really snug around your ankles and use a different pair of laces.... besides that, I think the shoes are really cute, love the choice of brown and blue, I think they work well together, also the shoe has pretty good support, I use my own inserts which fit well in the shoe, but like I said if you don't, the original inserts are pretty good",4,"I'd give them 5 stars if it weren't for the fact that the material on the inside of the shoe keeps pulling on my socks, it's not all the time, but it's frequent enough with certain socks that it becomes annoying to have to stop and pull my socks up which find their way down into my shoes after walking for 10-15 min, also the laces don't seem to stay tied, my recommendation is to buy socks that are really snug around your ankles and use a different pair of laces.... besides that, I think the shoes are really cute, love the choice of brown and",but it's frequent enough with certain socks that it becomes annoying to have to stop and pull my socks up ...
"adidas Women's Retrorun Shoes Running, Core Black/Cloud White/Alumina, 8 UK",Super cuter sneakers.,I bought these as a birthday present for myself. I originally wanted to use them as my new jogging shoes. The tongue of the shoe is just too stiff for that though. I am still happy with the shoes cuz they are super cute. Besides the stiff tongue my only other complaint is they seem a tad larger than my other size tens. I have a little more space than I like to have. Otherwise completely awesome!,5,I bought these as a birthday present for myself. I originally wanted to use them as my new jogging shoes. The tongue of the shoe is just too stiff for that though. I am still happy with the shoes cuz they are super cute. Besides the stiff tongue my only other complaint is they seem a tad larger than my other size tens. I have a little more space than I like to have. Otherwise completely awesome!,Super cuter sneakers.
"Aravon Women's Betty-AR Oxfords, Stone, 5.5 UK","Cute, but small","I was so excited to find these shoes. They are super cute!  They were too small, however, and I cannot find the larger size I need.  When I tried them on, they were really stiff and a bit tight.  Who knows maybe they would stretch out as I wore them, but they just didn't fit.  I am disappointed that I can't find the size I need anywhere, but will keep looking.",4,"I was so excited to find these shoes. They are super cute! They were too small, however, and I cannot find the larger size I need. When I tried them on, they were really stiff and a bit tight. Who knows maybe they would stretch out as I wore them, but they just didn't fit. I am disappointed that I can't find the size I need anywhere, but will keep looking.","Cute, but small"
"Aravon Women's Betty-AR Oxfords, Stone, 5.5 UK",Nice lightweight comfort shoe,"It's a very comfortable and lightweight shoe.  I found it to be pretty true for a size 10, but all shoes run differently.  Other reviews said it ran small, but I didn't find that the case. I bought the 10D width.  The wider width doesn't look odd, it fits the shoe well and my foot.",5,"It's a very comfortable and lightweight shoe. I found it to be pretty true for a size 10, but all shoes run differently. Other reviews said it ran small, but I didn't find that the case. I bought the 10D width. The wider width doesn't look odd, it fits the shoe well and my foot.",Nice lightweight comfort shoe
"Aravon Women's Betty-AR Oxfords, Stone, 5.5 UK",Total Comfort,Two years ago I bought this same exact shoes.  I wore them always when choosing a stylish athletic shoe. Originally I bought them when our family was going to go to The Ark in Kentucky and knew we would be doing alot of walking.there has never been a time that my feet hurt when I wear these shoes. And I get compliments often as to how cute they look.  So best shoes for me for comfort and style! Bought them again to update and bought an additional pair in black.,5,"Two years ago I bought these same exact shoes. I always wore them when choosing a stylish athletic shoe. I originally bought them when my family was going to visit The Ark in Kentucky and knew we would be doing a lot of walking. There has never been a time when my feet hurt while wearing these shoes. I often receive compliments on how cute they look. So, these are the best shoes for me in terms of comfort and style! I bought them again to update and also bought an additional pair in black.",Total Comfort
"Naturino Unisex Babies Cocoon First Walker Shoe, Zucca, 1.5 UK",Schmerzen am Kind...,"An sich wunderschÃ¶ner Schuh, auspacken und direkt meinem Kind angezogen. Das Kind geht 2 Schritte und fÃ¤ngt bitterlich an zu weinen... Sofort Schuhe ausgezogen und mal geschaut was da los ist. Es war nen fÃ¼r Kleinkinderschuhe wirklich groÃŸer Knick in der Inneneinlage der sich auch nicht wirklich begradigen lÃ¤sst. Bedauerlich, wo doch der Schuh an sich nicht im Discounter Sektor liegt. Da hÃ¤tte ich wirklich mehr erwartet.",1,"Such a beautiful shoe, unpacked and immediately put it on my child. The child takes 2 steps and starts crying bitterly... Immediately took off the shoes and checked what was going on. There was a really big bend in the inner sole of the toddler shoe that couldn't be straightened out. Regrettable, especially since the shoe itself is not in the discount sector. I would have expected more.",Pain in the child...
"Naturino Unisex Babies Cocoon First Walker Shoe, Zucca, 1.5 UK",Aus der Anzeige es wird nicht klar welche GrÃ¶ÃŸe es ist,Auf einem der Fotos steht auf der Sohle die gr 26.Die Schuhe die mit verschickt wurden ist die Gr 19...Habe keine Antwort auf meine Frage vor einigen  Tagen bekommen welche GrÃ¶ÃŸe das tatsÃ¤chlich ist.,3,"On one of the photos, the size 26 is written on the sole. The shoes that were sent along are size 19... I didn't receive an answer to my question from a few days ago about what size that actually is.","From the advertisement, it is not clear what size it is."
"Merrell Boys' Burnt Rock Low Sneaker, Black, 13.5 Medium US Little Kid","May work for a ""B"" width foot","Grandson couldn't even get them on, they are so tightly cut.",3,"Grandson couldn't even get them on, they are so tightly cut.","May work for a ""B"" width foot"
"Merrell Boys' Burnt Rock Low Sneaker, Black, 13.5 Medium US Little Kid",Fell apart after one week,"The laces broke after slightly over one week of use. Horrible quality. Before it broke, my son complained it was very uncomfortable, as the metal grommets on the sides rub against the side of his foot.",1,"The laces broke after slightly over one week of use. Horrible quality. Before it broke, my son complained it was very uncomfortable, as the metal grommets on the sides rub against the side of his foot.",Fell apart after one week
"adidas Daily 3.0 Skate Shoe, Grey, 3 US Unisex Little Kid",Nice Shoes,Nice pair of shoes,5,Nice pair of shoes,Nice Shoes
"adidas Daily 3.0 Skate Shoe, Grey, 3 US Unisex Little Kid",Thank you!,"These shoes are cute and jus fine. I wanted to comment on the company actually. I bought these for a wedding for my son to wear and they werenâ€™t going to arrive in time.  I reached out to Amazon with no luck. I finally contacted the company directly and they said they didnâ€™t think they could get them to me in time because of how the process works. However, I literally received these the very next day. Whoever I spoke to, thank you, you obviously went out of your way to get these pulled and shipped to me and I canâ€™t thank you enough. They made it on time and the wedding was gorgeous!!My son kept the shoes on all night and now wears them when he wants to dress up casual  ..he says they are comfy and shoe laces are long enough he can tie them easily",5,"These shoes are cute and just fine. I wanted to comment on the company actually. I bought these for a wedding for my son to wear and they werenâ€™t going to arrive in time. I reached out to Amazon with no luck. I finally contacted the company directly, and they said they didnâ€™t think they could get them to me in time because of how the process works. However, I literally received these the very next day. Whoever I spoke to, thank you, you obviously went out of your way to get these pulled and shipped to me, and I canâ€™t thank you enough. They made it on time",Thank you!
"adidas Daily 3.0 Skate Shoe, Grey, 3 US Unisex Little Kid",Not your average skate shoe. Theyâ€™re attractive!,"When my 8 year old asked for â€œskate shoesâ€, I could only picture AirWalks or Vans (which are cute, but donâ€™t fit their wide feet well). I began searching and found these. They are not just skate shoes, but also adorable and good, Adidas quality.",5,"When my 8 year old asked for ""skate shoes"", I could only picture AirWalks or Vans (which are cute, but donâ€™t fit their wide feet well). I began searching and found these. They are not just skate shoes, but also adorable and good, Adidas quality.",Not your average skate shoe. Theyâ€™re attractive!
"adidas Daily 3.0 Skate Shoe, Grey, 3 US Unisex Little Kid",Great shoe - great price - runs big,"Great looking shoe at a great price! I got these in the gray with black stripes and the black with white stripes. Looks exactly like the ones I got from the store that were $20 more. They run big. I wear a womenâ€™s 7 in most shoes. I measured my foot on the big kids Adidas size chart and according to it, I should get a 6.5. I got the 6 because they didnâ€™t have any other sizes and based on other reviews from women I was hoping they would work out. Theyâ€™re big. I measured them against the menâ€™s 7 I had from the store and there wasnâ€™t much difference between the 6 and 7. They measured the same as the menâ€™s 6.5 I had from the store. I wouldâ€™ve ordered a 5 if they were available. Itâ€™s hard to guess with the weird sizing situation. Hopefully putting in some insoles will help because I want to keep them.",5,"Great looking shoe at a great price! I got these in the gray with black stripes and the black with white stripes. Looks exactly like the ones I got from the store that were $20 more. They run big. I wear a womenâ€™s 7 in most shoes. I measured my foot on the big kids Adidas size chart and according to it, I should get a 6.5. I got the 6 because they didnâ€™t have any other sizes and based on other reviews from women I was hoping they would work out. Theyâ€™re big. I measured them against the menâ€™s 7 I had from",Great shoe - great price - runs big
"adidas Daily 3.0 Skate Shoe, Grey, 3 US Unisex Little Kid",My son loves these shoes,Very nice shoes. Got them when they were on sale and they are really nice.,5,Very nice shoes. Got them when they were on sale and they are really nice.,My son loves these shoes
"adidas Daily 3.0 Skate Shoe, Grey, 3 US Unisex Little Kid",Comfortable in style,The shoes fit as expected. I bought these for my seven year old son. He loves how comfortable they are. Definitely worth the buy!,5,The shoes fit as expected. I bought these for my seven-year-old son. He loves how comfortable they are. Definitely worth the buy!,Comfortable in style
"adidas Daily 3.0 Skate Shoe, Grey, 3 US Unisex Little Kid",Very cute,Kid loves them. Good fit and comfortable.,5,Kid loves them. Good fit and comfortable.,Very cute
"adidas Daily 3.0 Skate Shoe, Grey, 3 US Unisex Little Kid",Very comfortable,These shoes fit well and are comfortable.,5,These shoes fit well and are comfortable.,Very comfortable
"adidas Daily 3.0 Skate Shoe, Grey, 3 US Unisex Little Kid",Stylish with a sturdy canvas and a thick sole.,"My son likes it. However he said it's heavy. Other than that, it's a great shoe.",5,"My son likes it. However, he said it's heavy. Other than that, it's a great shoe.",Stylish with a sturdy canvas and a thick sole.
"adidas Daily 3.0 Skate Shoe, Grey, 3 US Unisex Little Kid",Awesome!!!,"Brought these for my grandson,  and I'm told it fits him perfectly and he loves them.  He don't ever want to take them off.",5,"Brought these for my grandson, and I'm told it fits him perfectly and he loves them. He doesn't ever want to take them off.",Awesome!!!
"Tom Tailor 2171201 Mid Calf Boot, Cognac, 3.5 UK",Sehr empfindlich,Die OberflÃ¤che ist sehr empfindlich und sieht nicht lange schÃ¶n aus wenn man Jungs hat die gerne drauÃŸen toben,1,The surface is very sensitive and does not look beautiful for long when you have boys who like to play outside,Very sensitive
"ASICS Women's 1012A699-003_42 Running Shoes, Black, 7.5 UK",åšåº•ã¯æ…£ã‚Œã‚‹ã¾ã§ã¯æ…é‡ã«ã€‚,åšåº•ã¨ã‚¢ãƒ¼ãƒãŒè¶³ã‚’å‰ã«å‡ºã™æ©Ÿèƒ½ã‚’ã‚†ã£ãã‚Šèµ°ã‚‹æ™‚ã«å¼·ãåŠ¹æœã‚’æ„Ÿã˜ã¾ã™ã­ã€‚ãŸã åˆã®åšåº•ã ã£ãŸã®ã§ã€èµ°ã‚‹ç’°å¢ƒã‚‚è€ƒãˆã¦èµ°ã‚‰ãªã„ã¨ã„ã‘ãªã„ã¨æ€ã„ã¾ã™ã€‚ã„ã¤ã‚‚é€šã‚Šã«èµ°ã£ã¦ã—ã¾ã†ã¨ç€åœ°ä¸å®‰å®šã¨ãªã‚Šè»¢å€’ã—ã¦ã—ã¾ã†ã‹ã‚‚ã—ã‚Œã¾ã›ã‚“ã€‚è»¢å€’ã—ã¦é¡”é¢å¼·æ‰“ã€é ¬éª¨ãƒ’ãƒ“å…¥ã‚Šã¾ã—ãŸã®ã§ã€æ…é‡ã«å¾ã€…ã«æ…£ã‚‰ã—ã¦ã„ãã¾ã—ã‚‡ã†ã€‚,5,"Thick soles and arches provide a function that slowly brings the feet forward when running, which can be strongly felt. However, because it was my first time trying thick soles, I believe that I need to consider the running environment and run carefully. If I run as usual, I might experience unstable landings and fall. I fell and hit my face, resulting in a cracked cheekbone, so let's carefully and gradually acclimatize to running with caution.",Wear thick-soled shoes carefully until you get used to them.
"ASICS Women's 1012A699-003_42 Running Shoes, Black, 7.5 UK",ã¤ã¾å…ˆã¯ç´°ã‚ã§ã™,23ã€5ã¯å°ã•ã™ããŸã®ã§äº¤æ›ã—ã¦ã‚‚ã‚‰ã„ã¾ã—ãŸã€‚,4,"23 and 5 were too small, so I exchanged them.",The toes are slim
"Superfit Breeze Walkers, Blue/Blue 8010, 5 UK Child","Toller Schuh, schlechte QualitÃ¤t!!!",Eigentlich ein ganz toller und bequemer Schuh von Superfit. Ich weiÃŸ nicht warum der Hersteller die Sohle so billig hergestellt hat. Nach ein paar mal anziehen ging die weiÃŸe Schukappe schon ab. Sollte bei teuren Markenschuhen ein No-Go sein.,3,"Actually a very nice and comfortable shoe from Superfit. I don't know why the manufacturer made the sole so cheap. After wearing it a few times, the white toe cap came off. That should be a no-go with expensive brand shoes.","Nice shoe, poor quality!!!"
"HÃ–GL Women's Plain Sneaker, White, 6 UK",Perfekt schuche,Komfort und perfekt schucse,5,Comfort and perfect shoes,Perfect shoes
"Superfit Breeze Walkers, Blue/Blue 8010, 5 UK Child",FÃ¤llt schmÃ¤ler aus,"Ein wunderschÃ¶ner Lederschuh, der allerdings deutlich schmÃ¤ler ausfÃ¤llt. Eigentlich trÃ¤gt unser Sohn die mittlere Breite, hier handelt es sich eher um die schmale AusfÃ¼hrung. Daher ging der Schuh leider retour. Sehr ungewÃ¶hnlich fÃ¼r Superfit",3,"A beautiful leather shoe, which, however, is noticeably narrower. Normally our son wears the medium width, but this is more of a narrow version. Therefore, the shoe had to be returned, unfortunately. Very unusual for Superfit.",Falls narrower out
"Superfit Breeze Walkers, Blue/Blue 8010, 5 UK Child",Lieblingsschuh!,Unser Tochter (20 M) zieht diese Schuhe sehr gerne an und lÃ¤uft damit auch gerne herum.Abgesehen davon ist Farbe/Modell sehr schÃ¶n!,5,"Our daughter (20 months old) loves to wear these shoes and walk around in them. Besides that, the color/model is very nice!",Favorite shoe!
"Superfit Breeze Walkers, Blue/Blue 8010, 5 UK Child",Top,Beste Schuhe von Superfit generell. Wir sind immer zufrieden und dieser Schuh gefÃ¤llt mir persÃ¶nlich sehr gut,5,Best shoes from Superfit in general. We are always satisfied and I personally really like this shoe,Top 
"Superfit Breeze Walkers, Blue/Blue 8010, 5 UK Child",Toller Kinderschuh,"Super, hochwertiger Kinderschuh. Meine Tochter fÃ¤hrt voll darauf ab.",5,"Super, high-quality children's shoe. My daughter is completely crazy about it.",Cute children's shoe
"PUMA EL Rey 2 Slip ON Sneaker, Desert Sage-Gray Violet, 5 US Unisex Big Kid",Buen diseÃ±o,Muy cÃ³modo para el NiÃ±o,5,Very comfortable for the child,Good design
"PUMA EL Rey 2 Slip ON Sneaker, Desert Sage-Gray Violet, 5 US Unisex Big Kid",Too Hard For My Son To Get On,Itâ€™s a tight fit! The top part doesnâ€™t open so it made  it super hard for my son to get the shoe on. We ended up returning the shoes! If #Puma will make it so that the top part can open and then possible Velcro closed or maybe zipper it would be awesome so kids can easily slide their feet in!!,1,Itâ€™s a tight fit! The top part doesnâ€™t open so it made it super hard for my son to get the shoe on. We ended up returning the shoes! If #Puma will make it so that the top part can open and then possible Velcro closed or maybe zipper it would be awesome so kids can easily slide their feet in!!,Too Hard For My Son To Get On
"PUMA EL Rey 2 Slip ON Sneaker, Desert Sage-Gray Violet, 5 US Unisex Big Kid",Good Quality,This product fits well but may not be ideal for a child that has wide feet. The strap across the top has some stretch but it is very thick and does not stretch easily which may make it difficult for a wider foot to get pass that section. The entire shoe is made very well.,5,This product fits well but may not be ideal for a child that has wide feet. The strap across the top has some stretch but it is very thick and does not stretch easily which may make it difficult for a wider foot to get pass that section. The entire shoe is made very well.,Good Quality
"PUMA EL Rey 2 Slip ON Sneaker, Desert Sage-Gray Violet, 5 US Unisex Big Kid",Tight fit,Difficult to put on. They are too hard.,3,Difficult to put on. They are too hard.,Tight fit
"PUMA EL Rey 2 Slip ON Sneaker, Desert Sage-Gray Violet, 5 US Unisex Big Kid",Son says awesome shoes; mom says go down a size,Son loves them and is willing to double up in sock layers to make fit. Would recommend going a half size down. My son is 4.5 big kids by size measurements but could easily have fit for a long while in a 4,4,Son loves them and is willing to double up in sock layers to make fit. Would recommend going a half size down. My son is 4.5 big kids by size measurements but could easily have fit for a long while in a 4,Son says awesome shoes; mom says go down a size
"PUMA EL Rey 2 Slip ON Sneaker, Desert Sage-Gray Violet, 5 US Unisex Big Kid",Love them,My Grandson loves his Puma's and so do I â£ï¸,5,My Grandson loves his Puma's and so do I â£ï¸,Love them
"PUMA EL Rey 2 Slip ON Sneaker, Desert Sage-Gray Violet, 5 US Unisex Big Kid","great , my son loves it",No complains,5,No complaints,"great , my son loves it"
"PUMA EL Rey 2 Slip ON Sneaker, Desert Sage-Gray Violet, 5 US Unisex Big Kid",Apretado de la parte de arriba,Muy lindos pero aprietan de la parte de Arriba,4,Very cute but tight around the top,Tight on the top
"PUMA EL Rey 2 Slip ON Sneaker, Desert Sage-Gray Violet, 5 US Unisex Big Kid",wrong  shoes size came,I order  a size 11 kids size shoes received  and 10 it's very tight on my child foot. elastic  that run across cant expands.  sorry I every purchased  this damn shoes,1,I ordered a size 11 kids' shoes but received size 10 which is very tight on my child's foot. The elastic that runs across can't expand. I'm sorry I ever purchased these terrible shoes.,Wrong shoe size was received
"PUMA EL Rey 2 Slip ON Sneaker, Desert Sage-Gray Violet, 5 US Unisex Big Kid",Producto Original,"Producto original, de buena calidad. Talla justa, CumpliÃ³ las expectativas.",5,"Original product, good quality. Fits well, Met expectations.",Original Product
Beck Boys Bones Wellington rain boots,Sehr gute Winterstiefel!,Mein 4- jÃ¤hriger Sohn liebt diese Stiefel und mÃ¶chte seine anderen Schuhe nicht mehr tragen. Er hat in den Stiefeln keine SchweiÃŸfÃ¼ÃŸe wie in einigen anderen Schuhen. Er lÃ¤uft sehr gut  darin und hat auch bei eisigen Temperaturen keine kalten FÃ¼ÃŸe. Die Stiefel sind meiner Meinung nach von einer sehr guten QualitÃ¤t und deshalb etwas schwerer. Meinen Sohn stÃ¶rt das Ã¼berhaupt nicht. Er kommt perfekt rein und wieder raus (das war bei anderen Stiefeln problematischer). Das Highlight fÃ¼r ihn ist natÃ¼rlich das blinken. Ich werde die Stiefel auch wohl im nÃ¤chsten Winter kaufen.,5,"My 4-year-old son loves these boots and doesn't want to wear his other shoes anymore. He doesn't get sweaty feet in these boots like in some other shoes. He walks very well in them and doesn't have cold feet even in icy temperatures. In my opinion, the boots are of very good quality and therefore a bit heavier. My son doesn't mind at all. He gets in and out perfectly (which was more problematic with other boots). Of course, the highlight for him is the flashing lights. I will probably buy the boots again next winter.",Very good winter boots!
Beck Boys Bones Wellington rain boots,Perfekt auch fÃ¼r etwas breitere KinderfÃ¼ÃŸe,"Beck Gummistiefel begleiten uns nun schon einige Jahre. Passform super, vorallem, wenn die FÃ¼ÃŸe etwas breiter geschnitten sind. Klare Kaufempfehlung. Die Leuchtfunktion beim Gehen ein Highlight fÃ¼r die Kleinen. Schuhe halten die FÃ¼ÃŸe im Herbst und Winter schÃ¶n warm. Wir haben dieses Modell schon das zweite Jahr im Einsatz.",5,"Beck rubber boots have been accompanying us for several years now. Great fit, especially when the feet are a bit wider. Clear purchase recommendation. The light function while walking is a highlight for the little ones. Shoes keep the feet nice and warm in autumn and winter. We have been using this model for the second year already.",Perfect also for slightly wider children's feet
Beck Boys Bones Wellington rain boots,Super Gummistiefel,"Habe die Gummistiefel fÃ¼r meine beiden Kinder gekauft. Und sie wurden ausgiebig im Urlaub, am Strand und in PfÃ¼tzen, getestet. Die Gummistiefel haben den Test bestanden und bekommen 5 Sterne.â˜… entsprechen der angegebene GrÃ¶ÃŸe, genug Platz auch mit dicken Sockenâ˜… Wasserdichtâ˜… halten kleine FÃ¼ÃŸe warm und trockenâ˜… schÃ¶nes Designâ˜… blinkende Sohle, sehr gut sichtbar im dunkelnKann diese Stiefel nur empfehlen ğŸ‘",5,"Bought the rubber boots for my two children. And they were extensively tested on vacation, at the beach, and in puddles. The rubber boots passed the test and get 5 stars. â˜… Correspond to the specified size, enough room even with thick socks â˜… Waterproof â˜… Keep little feet warm and dry â˜… Nice design â˜… Flashing sole, very visible in the dark Can only recommend these boots ğŸ‘",Super rubber boots
Beck Boys Bones Wellington rain boots,"Robuste, warme Winter-Gummistiefel","Ich habe diese Gummistiefel nun das zweite Mal bestellt, aus den ersten ist mein SÃ¶hnchen herausgewachsen. Die Gummistiefel sind sehr robust: Sie haben ein ganzes Kindergartenjahr vergleichsweise gut Ã¼berstanden! Sie halten warm und trocken. Es stimmt, dass die Stiefel etwas schwerer sind als andere Gummistiefel, aber meinen Sohn hat das nicht gestÃ¶rt oder beim Laufen behindert. Ein paar kleine Kritikpunkte: Die Blinkfunktion hat im Laufe des Jahres den Geist aufgegeben... auch riechen die Stiefel leicht nach Chemie, wenn sie noch ganz neu sind.",5,"I have now ordered these rubber boots for the second time, my little son has outgrown the first ones. The rubber boots are very robust: they have survived a whole year in kindergarten comparatively well! They keep warm and dry. It is true that the boots are a bit heavier than other rubber boots, but that did not bother my son or hinder him while walking. A few small points of criticism: The light-up function has given up over the course of the year... also, the boots smell slightly of chemicals when they are brand new.","Sturdy, warm winter rubber boots"
Beck Boys Bones Wellington rain boots,SchÃ¶ner Jungen Stiefel,Die Gummistiefel sind sehr schÃ¶n verarbeitet und unser Sohn liebt sie. Nebst der guten Verarbeitung ist der Leuchteffekt sehr ansprechend und unser Sohn ist gut zu sehen. Der Leuchteffekt bleibt auch bei starker Verschmutzung bestehen und die Schuhe lassen sich sehr gut reinigen.,5,"The rubber boots are very well made and our son loves them. In addition to the good workmanship, the light effect is very appealing and our son can be seen well. The light effect remains even with heavy soiling and the shoes are very easy to clean.",Beautiful boys boots
Beck Boys Bones Wellington rain boots,Gute Wintergummistiefel,"Mein Sohn ist sehr zufrieden. Die Stiefel sind gut verarbeitet und halten im Winter die FÃ¼sse schÃ¶n trocken und warm. Sie sind von innen vollstÃ¤ndig mit einem kuscheligen Kunstfell gefÃ¼ttert und von auÃŸen im ganzen mit durchsichtigem Gummi Ã¼berzogen. Das Dinosaurierskelettmuster ist schÃ¶n und perfekt fÃ¼r alle Dinofans. Die Ferse blinkt beim gehen, was im dunklen Winter nur vom Vorteil sein kann. Der Stiefel fÃ¤llt etwas groÃŸ aus. Sollte vielleicht lieber eine GrÃ¶ÃŸe kleiner bestellt werden. Alles im ganzen ein guter Wintergummistiefel zum relativ gÃ¼nstigen Preis.",5,"My son is very happy. The boots are well made and keep his feet nice and dry and warm in the winter. They are fully lined with a cozy faux fur on the inside and covered all around with transparent rubber on the outside. The dinosaur skeleton pattern is nice and perfect for all Dino fans. The heel blinks when walking, which can only be advantageous in the dark winter. The boot runs a bit large. You may want to consider ordering a size smaller. All in all, a good winter rubber boot at a relatively cheap price.",Good winter rubber boots
Beck Boys Bones Wellington rain boots,Toll fÃ¼r Dinofans,"Sohnemann brauchte neue Gummistiefel und diese fand er optisch sehr schÃ¶n, also bestellt.Leider passten die ersten nicht, weshalb wir sie dann nochmal grÃ¶ÃŸer bestellt haben.Er ist jetzt sehr zufrieden, sie blinken, halten trockenbund sind innen auch noch etwas flauschig und daher etwas wÃ¤rmer als andere Stiefel.",5,"Son needed new rubber boots and he found these to be very nice visually, so he ordered them. Unfortunately, the first ones did not fit, so we ordered them again in a larger size. He is now very satisfied, they blink, keep dry, and are also a bit fluffy on the inside, making them warmer than other boots.",Great for Dino fans
"Camper Men's Formiga Chukka Boat, Black, 5.5",Resistentes,"Resistentes, no entra agua los dÃ­as de lluvia y con un diseÃ±o informal que tanto sirve para llevar con uniforme al colegio o para unos vaqueros en fin de semana. Perfectos",5,"Resistant, water doesn't get in on rainy days and with a casual design that works equally well for wearing with a school uniform or with jeans on the weekend. Perfect",Resistant
Beck Boys Bones Wellington rain boots,SchÃ¶ne Stiefel aber ziemlich schwer,"Die Stiefel sehen schÃ¶n aus und die Blinklichter funktionieren einwandfrei. Allerdings sind die Stiefel schon ziemlich schwer und scheinen von der Passform nicht besonders gut zu sein. Mein Sohn hat es nach zwei Versuchen sein lassen, da er keinen guten halt hatte und somit nicht bequem damit laufen konnte.",3,"The boots look nice and the blinkers work perfectly. However, the boots are quite heavy and seem to not fit well. My son gave up after two tries, as he couldn't get a good grip and thus couldn't walk comfortably with them.",Beautiful boots but quite heavy
"Camper Men's Formiga Chukka Boat, Black, 5.5","Nice, but no Camper 'feeling'","Very nice boots. I had hoped the shoe laces would be flexible and integrated like most Camper shoes. Here you get regular laces, and as such, you don't get the Camper 'feeling' or practicality of putting them on and off quickly. They are quite light, which is a plus.",4,"Very nice boots. I had hoped the shoe laces would be flexible and integrated like most Camper shoes. Here you get regular laces, and as such, you don't get the Camper 'feeling' or practicality of putting them on and off quickly. They are quite light, which is a plus.","Nice, but no Camper 'feeling'"
Beck Boys Bones Wellington rain boots,sehr zufrieden,die Lieferung kam sehr schnell und gut verpackt bei mir an.die Schuhe sind wie in den Angaben beschrieben.mein Kind hat sich sehr gefreut.ich bin sehr zufrieden mit dem Preis und der QualitÃ¤t.,5,The delivery arrived very quickly and well packaged. The shoes are as described in the specifications. My child was very happy. I am very satisfied with the price and quality.,very satisfied
"Camper Men's Formiga Chukka Boat, Black, 5.5",Sehr bequem,"Suuuuper bequeme Schuhe, mein Mann sagt, er lÃ¤uft wie auf Wolken!Passen perfekt!",5,"Super comfortable shoes, my husband says it feels like walking on clouds! Fit perfectly!",Very comfortable
Beck Boys Bones Wellington rain boots,HasarlÄ±,GÃ¼zel bir yagmur Ã§izmesi ama paket geldiginde actim ve hasarli oldugunu gÃ¶rdÃ¼m.. Kalite olarak gÃ¼zelNeden gÃ¶ndermeden Ã¶nce nce kontrolÃ¼nÃ¼ yapmÄ±yorsunuz anlayamadim..,2,"Nice rain boots but when I opened the package, I saw that it was damaged.. It is nice in terms of quality. I don't understand why you don't check before sending..",Damaged
"Desconocido Women's Multisport W148 Kso Lace-Up Flats black Size:, Negro (Schwarz (Black)), 2 UK (34 EU)",Not What I Expected,It took me a half hour to get these shoes on. Not practical. I returned the item and am still waiting for my refund.,2,It took me a half hour to get these shoes on. Not practical. I returned the item and am still waiting for my refund.,Not What I Expected
"Lumberjack Levi Open Toe Sandals, Blue (Navy Blue Cc001), 12 UK Child",Sandaletti ben fatti!,"Sono rifiniti molto bene, la soletta eâ€™ scamosciata, cosÃ¬ il piede non suda. Allâ€™esterno sono di stoffa, ma allâ€™interno, a contatto con la pelle, hanno un ulteriore rivestimento per proteggere il piedino.La calzata eâ€™ regolare.Sono molto soddisfatta di questo acquisto ğŸ‘",5,"These are very well finished, the insole is suede, so the foot does not sweat. On the outside they are made of fabric, but on the inside, in contact with the skin, they have an additional lining to protect the little foot. The fit is regular. I am very satisfied with this purchase ğŸ‘",Well-made sandals!
"Lumberjack Levi Open Toe Sandals, Blue (Navy Blue Cc001), 12 UK Child",Buone,"Ho comprato questo sandali a mio figlio di 7 anni, devo dire che a lui piacciono tanto, ma calzano esatte, quindi consiglio un numero in piÃ¹ rispetto a quello del piede effettivo",5,"I bought these sandals for my 7-year-old son, I have to say that he likes them a lot, but they fit exact, so I recommend one size larger than his actual foot size",Good
"Lumberjack Levi Open Toe Sandals, Blue (Navy Blue Cc001), 12 UK Child",Ottimo acquisto,Scarpa molto carina e resistente. Mio figlio ci cammina e corre benissimo. Comode e pratiche da indossare. Soddisfatta anche del prezzo .,5,Very cute and durable shoe. My son walks and runs very well in them. Comfortable and practical to wear. Also satisfied with the price.,Great purchase
"Lumberjack Levi Open Toe Sandals, Blue (Navy Blue Cc001), 12 UK Child",OTTIME,"OTTIMO PRODOTTO COME GARANTISCE LA STESSA MARCA, TAGLIA FEDELE AI CENTIMETRI",5,"GREAT PRODUCT AS GUARANTEED BY THE SAME BRAND, TRUE TO SIZE IN CENTIMETERS",EXCELLENT 
"Lumberjack Levi Open Toe Sandals, Blue (Navy Blue Cc001), 12 UK Child",Rese,"Non mi piacciano, non calzano bene, ho cambiato due volte i numeri prima uno piÃ¹ grande e poi uno piÃ¹ piccoloâ€¦ maleInsoddisfatta â€¦.le ho rese !!!!!",1,"I don't like them, they don't fit well, I changed the numbers twice first a bigger one and then a smaller one... dissatisfied.... I returned them !!!!!",Research
"Lumberjack Levi Open Toe Sandals, Blue (Navy Blue Cc001), 12 UK Child",In attesa di un feedback di reso da due settimane,"Ãˆ possibile avere il reso, i sandali sono grandi e non vanno. Ãˆ da due settimane che ho fatto richiesta ma non ho avuto nessuna risposta.",1,"It is possible to return, the sandals are big and do not fit. I have been waiting for two weeks but I have not received any response.",Waiting for a return feedback for two weeks
"Lumberjack Levi Open Toe Sandals, Blue (Navy Blue Cc001), 12 UK Child","Ottimo sandalo Lumberjack, taglia precisa, buona qualitÃ ",Sandali ottimi e corrispondenti alla descrizione. La taglia Ã¨ precisa. La consegna Ã¨ stata un po' ritardata perchÃ© mal gestita dal corriere.,5,Great sandals and corresponding to the description. The size is accurate. The delivery was a bit delayed because it was poorly managed by the courier.,"Great Lumberjack sandal, true to size, good quality"
"Lumberjack Levi Open Toe Sandals, Blue (Navy Blue Cc001), 12 UK Child",Ottimo rapporto qualitÃ  prezzo,"Pratico e confortevole, spesa contenuta per un buon prodotto.",5,"Practical and comfortable, contained expense for a good product.",Excellent value for money
"Lumberjack Levi Open Toe Sandals, Blue (Navy Blue Cc001), 12 UK Child",Ne compro un paio ogni anno le uso tantissimo quando vado in vacanza,Comodissimi ci cammino per chilometri,5,I walk for kilometers very comfortably,"I buy a pair every year, I use them a lot when I go on vacation"
"Lumberjack Levi Open Toe Sandals, Blue (Navy Blue Cc001), 12 UK Child",Recensione sandalo,Ottimo acquisto. Sandalo comodo e ben strutturato. Bello esteticamente.Veste bene ma essendo aperto consiglio 1 misura in piÃ¹.,5,Great purchase. Comfortable and well-structured sandal. Beautiful aesthetically. It fits well but being open I recommend one size up.,Sandal review
"ASICS Men's EVORIDE 2 Running Shoe, French Blue Hazard Green, 7 UK",Asics Evoride 2,"Ottime scarpe per allenamento e gare, leggere e stabili!",5,"Great shoes for training and races, light and stable!",Asics Evoride 2
"ASICS Men's EVORIDE 2 Running Shoe, French Blue Hazard Green, 7 UK",qualitÃ©,trÃ¨s belle  chaussure tient bien le pied avec un amortie parfait pour des kms de footing  a recommander,5,"very beautiful shoe, holds the foot well with perfect cushioning for kilometers of running, recommend",quality
"ASICS Men's EVORIDE 2 Running Shoe, French Blue Hazard Green, 7 UK",è¶³è£ã¸ã®ãƒ€ãƒ¡ãƒ¼ã‚¸ã®å°‘ãªã„ã‚·ãƒ¥ãƒ¼ã‚º,ï¼‘ï¼˜ã‚­ãƒ­ã»ã©ã‚’ï¼“å›èµ°ã‚Šã¾ã—ãŸãŒã€ã‚¯ãƒƒã‚·ãƒ§ãƒ³æ€§ãŒã‚ˆãã¦è¶³è£ã®ç–²åŠ´åº¦ã¯ã•ã»ã©ã§ã‚‚ã‚ã‚Šã¾ã›ã‚“ã§ã—ãŸã€‚ä»–ã®è»½é‡ã®é´ã¨æ¯”ã¹ã‚‹ã¨è¶³ã¸ã®ãƒ€ãƒ¡ãƒ¼ã‚¸ãŒå°‘ãªã„æ°—ãŒã—ã¾ã™ã€‚å¾®å¦™ãªé‡ã•ï¼ˆï¼’ï¼–ï½ƒï½ã§ï¼’ï¼’ï¼ã‚°ãƒ©ãƒ ãã‚‰ã„ï¼‰ãªã®ã§ã€ã‚‚ã£ã¨è»½ã„é´ãŒæ¬²ã—ã„äººã«ã¯ãƒ›ã‚«ã‚ªãƒã‚ªãƒã®ï¼²ï¼©ï¼®ï¼£ï¼¯ï¼®ï¼“ã®æ–¹ãŒã„ã„ã‹ã‚‚ã—ã‚Œã¾ã›ã‚“ã€‚ã‚½ãƒ¼ãƒ«ã®è¸µã«è¿‘ã„éƒ¨åˆ†ã¯ï¼“å›ç›®ã§å°‘ã€…ã•ã•ãã‚Œç«‹ã£ã¦ã„ã¾ã™ã€‚è€ä¹…æ€§ã¯æœŸå¾…ã—ãªã„ã»ã†ãŒã„ã„ã‹ã‚‚ã€‚è¦ªæŒ‡ã«ã‚„ã‚“ã‚ã‚Šã¨ã€Œå‰ã«è¡Œã‘ã€ã¨ã„ã†æŒ‡ä»¤ãŒå…¥ã‚‹ã‚ˆã†ã«ãªã£ã¦ã„ã‚‹ã®ã§èµ°ã‚Šã‚„ã™ã„é´ã§ã¯ã‚ã‚Šã¾ã™ã€‚,4,"I ran about 18 kilometers three times, but the cushioning was good and the fatigue in the soles of my feet was not so bad. Compared to other lightweight shoes, I feel that there is less damage to my feet. It has a subtle weight (about 220 grams at 26 cm), so for those who want lighter shoes, Hoka One One's RINCON3 may be better. The area near the heel of the sole is a little rough by the third time. It might be better not to expect durability. It is a shoe that makes it easy to run because the instruction ""go",Shoes with less damage to the feet
"ASICS Men's EVORIDE 2 Running Shoe, French Blue Hazard Green, 7 UK",ã‚³ã‚¹ãƒ‘è‰¯ã„ã§ã™,ä¾¡æ ¼ãŒ5000å††å°ã«ãªã£ãŸã®ã§è³¼å…¥ã—ã¾ã—ãŸã€‚ã‚°ãƒ©ã‚¤ãƒ‰ãƒ©ã‚¤ãƒ‰ã‚ˆã‚Šã‹ãªã‚Šè»½ã„æ„Ÿã˜ã§ã™ãŒã€å‰æ–¹ã¸ã®é€²ã‚€æ„Ÿã˜ã¯ã‚„ã‚„å°‘ãªã„ã‚ˆã†ã«æ€ã„ã¾ã™ã€‚ã‚¹ãƒ”ãƒ¼ãƒ‰ç·´ç¿’ã§ã‚‚ä½¿ãˆãã†ãªã®ã§ã€ã‚µãƒ–ï¼”ç”¨ã®ãƒˆãƒ¬ãƒ¼ãƒ‹ãƒ³ã‚°ã«ä½¿ç”¨é–‹å§‹ã—ã¾ã—ãŸã€‚,4,"I purchased it because the price dropped to the 5000 yen range. It feels much lighter than Glide Ride, but I feel a slightly less forward propulsion. It seems usable for speed training, so I started using it for sub-4 training.",It's cost-effective
"ASICS Men's EVORIDE 2 Running Shoe, French Blue Hazard Green, 7 UK",Excelente zapatos,"Muy cÃ³modos para trote o caminatas, los recomiendo",5,"Very comfortable for jogging or walking, I recommend them",Excellent shoes
"ASICS Men's EVORIDE 2 Running Shoe, French Blue Hazard Green, 7 UK",Great shoe for the price,The shoe is responsive and that is good. But it would be better to have longer shoe laces,4,The shoe is responsive and that is good. But it would be better to have longer shoe laces,Great shoe for the price
"ASICS Men's EVORIDE 2 Running Shoe, French Blue Hazard Green, 7 UK",running shoes,love my running shoes!!,5,love my running shoes!!,running shoes
Toddler/Little Kid Girl's Ballet Flat Ankle Strap Shoes Party Dress Shoes Black Size: 7 Toddler,Much smaller than the size they say,"These were waaaay smaller than the size they were supposed to be.Cute shoes tho.i bought them for my 6 yr old ,but they fit my 4 yr old.so,if you order them,get them 2 sizes bigger than you usually would get.",2,"These were way smaller than the size they were supposed to be. Cute shoes though. I bought them for my 6-year-old, but they fit my 4-year-old. So, if you order them, get them two sizes bigger than you usually would get.",Much smaller than the size they say
Toddler/Little Kid Girl's Ballet Flat Ankle Strap Shoes Party Dress Shoes Black Size: 7 Toddler,Shoe size,My daughter was size 7 I ordered a size 9 they were still very tight. I'd say size up 10 they would fit perfectly. They super cute otherwise,5,My daughter was size 7 I ordered a size 9 they were still very tight. I'd say size up 10 they would fit perfectly. They super cute otherwise,Shoe size
